"oldSymbol","newSymbol"
"0610007C21Rik","Atraid"
"0610007L01Rik","Tmem248"
"0610007N19Rik","Snhg18"
"0610007P08Rik","Ercc6l2"
"0610007P22Rik","Tsr3"
"0610008F07Rik","Hnf4aos"
"0610009B14Rik","Plekhd1os"
"0610010O12Rik","Cystm1"
"0610011L14Rik","Aar2"
"0610012H03Rik","Them7"
"0610037P05Rik","Fopnl"
"0610038L08Rik","Tbc1d22bos"
"0910001L09Rik","Lamtor4"
"100043387","Gm14305"
"1100001G20Rik","Wfdc21"
"1110001A16Rik","Cebpzos"
"1110002B05Rik","Sptssa"
"1110002N22Rik","Tefm"
"1110003E01Rik","Smim14"
"1110005A03Rik","Mettl23"
"1110008J03Rik","Rita1"
"1110012J17Rik","Mtcl1"
"1110014N23Rik","Vps51"
"1110017F19Rik","Smim6"
"1110018G07Rik","Arel1"
"1110018J18Rik","Aaed1"
"1110021J02Rik","Ccdc167"
"1110021L09Rik","Slc18b1"
"1110028C15Rik","Kansl1l"
"1110031I02Rik","Ogfod3"
"1110032A04Rik","Sptssb"
"1110034B05Rik","Tyw5"
"1110035M17Rik","Zfp652os"
"1110038D17Rik","Gucd1"
"1110049F12Rik","Pithd1"
"1110050K14Rik","Fendrr"
"1110054M08Rik","Lppos"
"1110054O05Rik","Inip"
"1110067D22Rik","Lgalsl"
"1190002F15Rik","Lockd"
"1190002H23Rik","Rgcc"
"1190003J15Rik","Urah"
"1190005F20Rik","Trmt1l"
"1190007F08Rik","Smim1"
"1200009I06Rik","Exoc3l4"
"1200011I18Rik","Gpalpp1"
"1200011M11Rik","Smg8"
"1200016B10Rik","Swt1"
"1300001I01Rik","Cluh"
"1300002K09Rik","Stra6l"
"1300010F03Rik","Vwa8"
"1300014I06Rik","Pxdc1"
"1300015D01Rik","Ctcflos"
"1300018I17Rik","Vps9d1"
"1300018J18Rik","Selo"
"1500001M20Rik","Tamm41"
"1500002O10Rik","Gad1os"
"1500002O20Rik","Smg9"
"1500003O03Rik","Chp1"
"1500010J02Rik","Ctc1"
"1500011H22Rik","Fam216a"
"1500012F01Rik","Zfas1"
"1500016L03Rik","Lhx1os"
"1500031L02Rik","Cep19"
"1500032L24Rik","Smdt1"
"1520402A15Rik","Lurap1"
"1600012F09Rik","Yae1d1"
"1600014K23Rik","Fthl17a"
"1600021P15Rik","Mb21d2"
"1600027N09Rik","Mrgbp"
"1600029D21Rik","Plet1"
"1700003F17Rik","Slfn5os"
"1700007I08Rik","Actl10"
"1700008A04Rik","Smim23"
"1700008P20Rik","Tescl"
"1700010M22Rik","Scp2d1"
"1700011A15Rik","Krt88"
"1700011F03Rik","Tex37"
"1700011F14Rik","Ccdc172"
"1700011J10Rik","Sp3os"
"1700012A16Rik","Shcbp1l"
"1700012B15Rik","Rab10os"
"1700013G23Rik","Med9os"
"1700013N18Rik","Ube2d2b"
"1700014N06Rik","H2bfm"
"1700016M24Rik","Mroh4"
"1700018L24Rik","Tex29"
"1700019E19Rik","Ift43"
"1700019G17Rik","Nat8f4"
"1700019N12Rik","Tex40"
"1700020O03Rik","Gpatch2l"
"1700021C14Rik","Tsacc"
"1700023A16Rik","Smco2"
"1700023L04Rik","Smkr-ps"
"1700024P03Rik","Ccdc34os"
"1700025E21Rik","Ssmem1"
"1700025K23Rik","Fam229b"
"1700026J04Rik","Fam217a"
"1700027A23Rik","Pifo"
"1700027D21Rik","Spatc1l"
"1700029F09Rik","Tex30"
"1700029G01Rik","Sh3d21"
"1700029I01Rik","Znf41-ps"
"1700029J11Rik","Fam209"
"1700034H14Rik","Timm21"
"1700040I03Rik","Pradc1"
"1700040N02Rik","Bcas1os2"
"1700042B14Rik","Cldn34b2"
"1700049G17Rik","Zfp974"
"1700054N08Rik","Ccsap"
"1700054O13Rik","Hypm"
"1700055N04Rik","Aldh3b3"
"1700057K13Rik","Tex35"
"1700061J05Rik","Tex33"
"1700066J24Rik","Fam219aos"
"1700081H22Rik","Nell1os"
"1700081L11Rik","Kansl1"
"1700085B03Rik","Tmem132cos"
"1700090G07Rik","Tmem247"
"1700091E21Rik","St8sia3os"
"1700095B22Rik","Kcnd3os"
"1700104A03Rik","Gldnos"
"1700106N22Rik","Camkmt"
"1700108M19Rik","Lrrc72"
"1700109F18Rik","Hoxd3os1"
"1700113I22Rik","Ptges3l"
"1700125D06Rik","Fam229a"
"1810006K21Rik","Tmem258"
"1810007I06Rik","Pla2g10os"
"1810008A18Rik","Fam207a"
"1810012P15Rik","Lyrm9"
"1810013D10Rik","Smim20"
"1810020D17Rik","Aamdc"
"1810027O10Rik","Tmem256"
"1810029B16Rik","Tma16"
"1810030J14Rik","Mptx1"
"1810030N24Rik","Smim8"
"1810031K17Rik","Cnppd1"
"1810035I16Rik","Ctrcos"
"1810035L17Rik","Slirp"
"1810046J19Rik","Mien1"
"1810048J11Rik","Pcnx4"
"1810049H13Rik","Oxld1"
"1810063B05Rik","Coa6"
"1810063B07Rik","Saysd1"
"1810074P20Rik","Ufl1"
"2010001E11Rik","Mfsd4b2"
"2010001M06Rik","Abhd11os"
"2010001M09Rik","Mzb1"
"2010002N04Rik","Smim3"
"2010003K15Rik","Smlr1"
"2010003O02Rik","Toporsos"
"2010011I20Rik","Fam210b"
"2010106G01Rik","Sppl2a"
"2010107H07Rik","Smim4"
"2010109K11Rik","Ccdc71l"
"2010110P09Rik","Chp2"
"2010305A19Rik","Coa7"
"2010317E24Rik","Sapcd2"
"2010321M09Rik","Vwa9"
"2200002K05Rik","Vstm5"
"2210009G21Rik","Slx4ip"
"2210010C17Rik","Igsf23"
"2210012G02Rik","Tceanc2"
"2210015D19Rik","Ube2d-ps"
"2210020M01Rik","Smim5"
"2210021J22Rik","Cdpf1"
"2210403K04Rik","Mir22hg"
"2210404J11Rik","Ermard"
"2210404O09Rik","Zfp995"
"2210411K11Rik","Tmem238"
"2210415F13Rik","Lypd8"
"2210417K05Rik","Hk1os"
"2300005B03Rik","Slurp2"
"2310001A20Rik","Apmap"
"2310001H18Rik","Lce3e"
"2310002L13Rik","Dynap"
"2310003C23Rik","Gid8"
"2310003F16Rik","Hypk"
"2310003L22Rik","Ndufaf5"
"2310004I24Rik","Adprm"
"2310004N24Rik","Ten1"
"2310005G13Rik","Tmem45a2"
"2310008H04Rik","Spidr"
"2310008H09Rik","Knop1"
"2310010M20Rik","Smco1"
"2310014F07Rik","Plet1os"
"2310015B20Rik","Mrln"
"2310016M24Rik","Cox14"
"2310021P13Rik","Zswim8"
"2310028H24Rik","Fam219a"
"2310030N02Rik","Ndufaf6"
"2310033E01Rik","Pinlyp"
"2310035K24Rik","Ap5s1"
"2310037I24Rik","Kansl2"
"2310042D19Rik","Perm1"
"2310042E22Rik","Teddm3"
"2310043J07Rik","Upk3bl"
"2310044G17Rik","Cipc"
"2310044H10Rik","Emc10"
"2310046A06Rik","Mlip"
"2310046O06Rik","Fam219b"
"2310047B19Rik","Swsap1"
"2310050B05Rik","Atcayos"
"2310061C15Rik","Cmc2"
"2310061J03Rik","Zbtb11os1"
"2310079F23Rik","Trmt44"
"2400001E08Rik","Lamtor1"
"2400003C14Rik","Ist1"
"2400009B08Rik","Fcor"
"2410001C21Rik","Rtfdc1"
"2410002I01Rik","Enthd2"
"2410002O22Rik","Trappc13"
"2410003K15Rik","Malsu1"
"2410004A20Rik","Khdc3"
"2410004N09Rik","Epb41l4aos"
"2410007B07Rik","Platr10"
"2410017P09Rik","Ptrhd1"
"2410022L05Rik","Coprs"
"2410042D21Rik","Katnbl1"
"2410057H14Rik","Tspan2os"
"2410066E13Rik","Mturn"
"2410075B13Rik","Ccdc166"
"2410088K16Rik","Platr5"
"2410091C18Rik","Ndufaf7"
"2410114N07Rik","Platr9"
"2410137F16Rik","Srrm4os"
"2500003M10Rik","Chtop"
"2510003D18Rik","Asb17os"
"2510006D16Rik","Tmem234"
"2510012J08Rik","Cactin"
"2600006L11Rik","Scarletltr"
"2610002D18Rik","Aunip"
"2610002I17Rik","Elp6"
"2610017I09Rik","Pantr1"
"2610019E17Rik","Rab26os"
"2610019F03Rik","Tdrp"
"2610021K21Rik","Efcab11"
"2610027L16Rik","Nop9"
"2610029G23Rik","Pbdc1"
"2610029I01Rik","Tstd3"
"2610034M16Rik","Pdzph1"
"2610039C10Rik","Mis18a"
"2610044O15Rik","2610044O15Rik8"
"2610100L16Rik","Mir124-2hg"
"2610101N10Rik","U2surp"
"2610109H07Rik","Draxin"
"2610204G22Rik","Atad3aos"
"2610301G19Rik","Ccar2"
"2610528E23Rik","Cmss1"
"2700007P21Rik","Arl14ep"
"2700023E23Rik","Dancr"
"2700050L05Rik","Edrf1"
"2700078E11Rik","Cacul1"
"2700081L22Rik","Smc2os"
"2700086A05Rik","Hoxaas3"
"2700090O03Rik","Smim18"
"2810002N01Rik","Apopt1"
"2810007J24Rik","Sult2a8"
"2810008D09Rik","Snhg20"
"2810008M24Rik","Smim15"
"2810011L19Rik","Tunar"
"2810021B07Rik","Mplkip"
"2810030E01Rik","Skida1"
"2810046L04Rik","Proser1"
"2810055F11Rik","L3hypdh"
"2810055G20Rik","Mir99ahg"
"2810405K02Rik","Fam213b"
"2810407C02Rik","Selt"
"2810422J05Rik","Kxd1"
"2810422O20Rik","Mettl18"
"2810432D09Rik","Rpp25l"
"2810432L12Rik","Tmem246"
"2810442I21Rik","Eldr"
"2810453I06Rik","Fam220a"
"2900002K06Rik","Rbm3os"
"2900006K08Rik","Bbof1"
"2900008C10Rik","Bcor"
"2900010M23Rik","Uqcc2"
"2900053A13Rik","Pet100"
"2900056M20Rik","Kantr"
"2900064A13Rik","Emc7"
"2900092E17Rik","Pagr1a"
"2900093L17Rik","Frmpd1os"
"3110001D03Rik","Tmem261"
"3110003A17Rik","Abracl"
"3110007F17Rik","Cldn34c1"
"3110052M02Rik","Zfp983"
"3110056O03Rik","Sppl2b"
"3110082D06Rik","Ptchd4"
"3200002M19Rik","Anapc15"
"3230401D17Rik","Oser1"
"3830431G21Rik","Plekhd1"
"4632411B12Rik","Kansl3"
"4632415K11Rik","Tldc1"
"4732415M23Rik","Spata33"
"4732418C07Rik","Efcab14"
"4732456N10Rik","Krt90"
"4732471D19Rik","Simc1"
"4832428D23Rik","Mettl21e"
"4833442J19Rik","Mettl20"
"4921506M07Rik","Ttc6"
"4921507L20Rik","Alkbh3os1"
"4921508A21Rik","Slc36a1os"
"4921510H08Rik","Ccer1"
"4921513D23Rik","Marf1"
"4921515J06Rik","Henmt1"
"4921517D21Rik","Actl11"
"4921517L17Rik","Cnbd2"
"4921523A10Rik","Pp2d1"
"4921525B02Rik","Slain1os"
"4921528I01Rik","Ccdc178"
"4921528O07Rik","Mroh9"
"4921530D09Rik","Ccdc183"
"4921530L18Rik","Stamos"
"4922505G16Rik","Mroh8"
"4930403N07Rik","Ccdc175"
"4930404H21Rik","Tex36"
"4930405P13Rik","Scpep1os"
"4930408F14Rik","Spin2d"
"4930412F15Rik","Fam221b"
"4930414L22Rik","Particl"
"4930417G10Rik","Fam228a"
"4930420K17Rik","Tmem243"
"4930428D18Rik","Cldn34b4"
"4930428E23Rik","Smim9"
"4930430D24Rik","Btg1-ps2"
"4930431A04Rik","Klrb1"
"4930432K09Rik","Prr27"
"4930441O14Rik","Zfp85os"
"4930443G12Rik","Slc25a54"
"4930444A02Rik","Pomk"
"4930451C15Rik","Lrrc74b"
"4930455C21Rik","Timmdc1"
"4930455F23Rik","Ccdc181"
"4930458L03Rik","Spata31"
"4930465A12Rik","Csmd2os"
"4930468A15Rik","Cldn34d"
"4930471I20Rik","Acss2os"
"4930471M23Rik","Slc35f6"
"4930473A06Rik","Ccdc171"
"4930479M11Rik","Pmis2"
"4930500J02Rik","Platr14"
"4930511I11Rik","Armc12"
"4930511M11Rik","Tmbim7"
"4930521A18Rik","Pih1d3"
"4930524E20Rik","Ube2dnl2"
"4930524L23Rik","Ppp1r3fos"
"4930525F21Rik","Fam227b"
"4930525M21Rik","Btg1-ps1"
"4930528F23Rik","Meiob"
"4930529F22Rik","Adam20"
"4930529F24Rik","Nrg3os"
"4930529M08Rik","Cfap61"
"4930534B04Rik","Cep128"
"4930542H20Rik","Rab11fip4os2"
"4930544O15Rik","Tex38"
"4930547C10Rik","Toporsl"
"4930547N16Rik","Parpbp"
"4930555I21Rik","Stpg1"
"4930564G21Rik","Grip1os2"
"4930564K09Rik","Rbm46os"
"4930565A17","Gm20611"
"4930568K20Rik","Pitpnm2os1"
"4930572J05Rik","Them6"
"4930578N16Rik","Ccdc173"
"4930579C15Rik","Eqtn"
"4930579G22Rik","Nupr1l"
"4930583H14Rik","Mgarp"
"4930588N13Rik","Tex26"
"4930596M17Rik","Lyzl4os"
"4931407G18Rik","Cabs1"
"4931408A02Rik","Eva1c"
"4931417G12Rik","Fancd2os"
"4931440L10Rik","Mgat4e"
"4932411E22Rik","Ankfn1"
"4932411G14Rik","Spata31d1d"
"4932411L15","Gm17644"
"4932412H11Rik","Lrrd1"
"4932415G12Rik","Cep83os"
"4932425I24Rik","Maats1"
"4932441B19Rik","Spata31d1c"
"4933400C05Rik","Spata32"
"4933400C23","4933400C23Rik"
"4933401P06Rik","Ppp2r2cos"
"4933403F05Rik","Fam210a"
"4933403G14Rik","Map10"
"4933404M02Rik","Erich2"
"4933407C03Rik","Cmip"
"4933407H18Rik","Uvssa"
"4933407P14Rik","Sppl2c"
"4933421E11Rik","Lrif1"
"4933422H20Rik","Trim80"
"4933424B01Rik","Asun"
"4933425H06Rik","Sox5os3"
"4933425O20Rik","Tmem239"
"4933426D04Rik","Prkag2os1"
"4933430H15Rik","Lrrc71"
"4933432B09Rik","Fam227a"
"4933433P14Rik","Gskip"
"4933436C20Rik","Crnde"
"4933437F05Rik","Noxred1"
"4933439F18Rik","Gid4"
"5033411D12Rik","Sugct"
"5033414D02Rik","Plgrkt"
"5133401N09Rik","Idnk"
"5330426P16Rik","Dubr"
"5330437I02Rik","Oacyl"
"5430403N17","5430403N17Rik"
"5430405G05Rik","Tmem74b"
"5430407P10Rik","Proser2"
"5430411K18Rik","Epg5"
"5430417L22Rik","Inafm2"
"5430425J12Rik","Slc6a19os"
"5430437P03Rik","Babam1"
"5730403B10Rik","Cdip1"
"5730419I09Rik","C2cd5"
"5730437N04Rik","Tmem242"
"5730455O13Rik","Fra10ac1"
"5730457N03Rik","Evx1os"
"5730469M10Rik","Fam213a"
"5730494M16Rik","Tpgs2"
"5730528L13Rik","Msantd3"
"5730577I03Rik","Fbxl12os"
"5730590G19Rik","Ticrr"
"5830403L16Rik","Teddm2"
"5830403M04Rik","Tmem150cos"
"5830416P10Rik","Mirt1"
"5830433M19Rik","Caap1"
"5930416I19Rik","Rhno1"
"5930434B04Rik","Cacfd1"
"5930438M14","5930438M14Rik"
"6030405A18Rik","Sertm1"
"6030422M02Rik","Mcmdc2"
"6030429G01Rik","Dnaaf3"
"6030446N20Rik","Tmem241"
"6230409E13Rik","Faxc"
"6230427J02Rik","Fam212a"
"6330406I15Rik","Medag"
"6330407J23Rik","Soga3"
"6330409N04Rik","Spryd7"
"6330439K17Rik","Dzank1"
"6330503K22Rik","Ccp110"
"6330512M04Rik","Ifitm10"
"6330527O06Rik","Lamp5"
"6330545A04Rik","Rsg1"
"6330578E17Rik","Coa5"
"6430527G18Rik","Irf2bpl"
"6430548G04","Dbhos"
"6430584L05","6430584L05Rik"
"6430598A04Rik","Nyap1"
"6430704M03Rik","Frrs1l"
"6530401N04Rik","Dtd2"
"6530418L21Rik","Fam212b"
"6530439I21","Gm15850"
"6720401G13Rik","Firre"
"6720456B07Rik","Brk1"
"6720456H20Rik","Tmem260"
"6720463M24Rik","Bora"
"7530420F21Rik","Ptgs2os"
"8430403D17Rik","Bcas3os1"
"8430406I07Rik","Mgme1"
"8430410A17Rik","Hmces"
"8430410K20Rik","Msantd4"
"9030224M15Rik","Mettl24"
"9030418K01Rik","Fam217b"
"9030425E11Rik","Clmp"
"9030625A04Rik","Lacc1"
"9130011J15Rik","Smim7"
"9130014G24Rik","Adgb"
"9130017N09Rik","Misp"
"9130206I24Rik","Foxd2os"
"9130404H23Rik","Themis3"
"9230115E21Rik","Arhgap20os"
"9330117O12","9330117O12Rik"
"9430008C03Rik","Snhg17"
"9430031J16Rik","Nyap2"
"9430032N09Rik","Pcsk2os2"
"9430076C15Rik","Creb5"
"9430076G02Rik","Redrum"
"9530008L14Rik","Adtrp"
"9530048J24Rik","Bcas3os2"
"9830001H06Rik","Soga1"
"9830132P13","9830132P13Rik"
"9930005F22Rik","Rnf223"
"9930021D14Rik","Bricd5"
"9930023K05Rik","Plekhs1"
"A030009H04Rik","Chd3os"
"A130022J15Rik","Eogt"
"A130049A11Rik","Phtf1os"
"A230051G13Rik","Iba57"
"A2ld1","Ggact"
"A330049M08Rik","Ncmap"
"A330050B17Rik","Mccc1os"
"A430071A18Rik","Rptoros"
"A430084P05Rik","Scimp"
"A430092G05Rik","Arhgap15os"
"A430107O13Rik","Cped1"
"A430107P09Rik","Trav3-3"
"A430110N23Rik","Ssc5d"
"A530065N20","A530065N20Rik"
"A530098C11Rik","Mettl21c"
"A630055G03Rik","Rmi2"
"A730011L01Rik","Endov"
"A730015I17","Gm13497"
"A730037C10Rik","Ccdc169"
"A730043L09","A730043L09Rik"
"A730085A09Rik","Kank4os"
"A730090H04Rik","Dlx4os"
"A730098P11Rik","Morf4l1-ps1"
"A830007P12Rik","Tor4a"
"A830060N17","Gm16863"
"A830093I24Rik","Fam228b"
"A930001N09Rik","Crebrf"
"A930005I04Rik","Msantd1"
"A930011O12Rik","Mir124a-1hg"
"A930038C07Rik","Ndnf"
"AA960436","Usb1"
"AB099516","Methig1"
"AI314831","Wt1os"
"AI314976","Oard1"
"AI316807","Smim19"
"AI414108","Igsf9b"
"AI428936","Syne4"
"AI480653","Xxylt1"
"AI646023","Lrrc75b"
"AI848100","Suco"
"AU018829","Gm16513"
"AU021034","Fam216b"
"AU023871","G6b"
"AW146020","Gcfc2"
"AW555464","Cep170b"
"Abpa","Scgb1b27"
"Abpd","Scgb2b20"
"Abpe","Scgb2b2"
"Abpg","Scgb2b26"
"Abph","Scgb1b2"
"Abpz","Scgb2b24"
"Accn1","Asic2"
"Accn2","Asic1"
"Accn3","Asic3"
"Accn4","Asic4"
"Accn5","Asic5"
"Agphd1","Hykk"
"Agxt2l1","Etnppl"
"Agxt2l2","Phykpl"
"Als2cr4","Tmem237"
"Amac1","Slc35g3"
"Ankrd5","Ankef1"
"Anubl1","Zfand4"
"Aox3l1","Aox2"
"Arpm1","Actrt3"
"Atpbd4","Dph6"
"B230120H23Rik","Zak"
"B230206F22Rik","Ftx"
"B230208H17Rik","Rabl6"
"B230209K01Rik","Celrr"
"B230214G05","B230214G05Rik"
"B230312A22Rik","Fam214b"
"B230378P21Rik","Plxna4os1"
"B3gnt9-ps","B3gnt9"
"B930003M22Rik","Cahm"
"B930007M17Rik","Stpg2"
"B930018H19","B930018H19Rik"
"BC002230","Nrde2"
"BC003266","Smim12"
"BC006779","Helz2"
"BC013529","Ginm1"
"BC013712","Themis2"
"BC016495","Nmrk1"
"BC017612","Smco4"
"BC017647","Fam222b"
"BC020535","Ccm2l"
"BC021785","Mfsd4b5"
"BC024479","Msantd2"
"BC024582","Bach2os"
"BC024659","Smim13"
"BC030307","Ttc41"
"BC031353","Fam214a"
"BC031781","Sde2"
"BC032203","Gltscr1l"
"BC033916","Platr17"
"BC046331","Cep104"
"BC046404","Lrrc75a"
"BC048355","Dnph1"
"BC049635","Fam205c"
"BC051070","Chil6"
"BC053749","Proser3"
"BC055004","Nxpe5"
"BC057022","Fam222a"
"BC057079","Focad"
"BC060267","Efcab12"
"BC061194","Spag6"
"BC066135","Rbbp8nl"
"BC067068","Mettl25"
"BC088983","Cep44"
"BC090627","Gm44502"
"BC096441","Tnfsfm13"
"BC125332","Nutm1"
"Baat1","Brat1"
"Bet3l","Trappc3l"
"Bglap-rs1","Bglap3"
"Brp44","Mpc2"
"Btnl5","Btnl5-ps"
"C030019I05Rik","Fndc9"
"C030030A07Rik","Smco3"
"C030044B11Rik","Fam120aos"
"C030046I01Rik","R3hdm4"
"C030048B08Rik","Rbm48"
"C130022K22Rik","Ccdc174"
"C130039O16Rik","Elmsan1"
"C230024C17","C230024C17Rik"
"C230079O03","C230079O03Rik"
"C230081A13Rik","Peak1"
"C330005M16Rik","Acp7"
"C330006K01Rik","Ap5z1"
"C330008G21Rik","Ptprtos"
"C330011F03","C330011F03Rik"
"C330013F16Rik","Platr21"
"C330019G07Rik","Prr14l"
"C330046G13Rik","Platr7"
"C430002E04Rik","Platr4"
"C430048L16Rik","Rbm12b2"
"C530028O21Rik","Pianp"
"C630004H02Rik","Hid1"
"C630020P19Rik","Pcsk2os1"
"C630031E19","C630031E19Rik"
"C80913","Uri1"
"C85492","Pomgnt2"
"C86695","Fam90a1a"
"Ccdc109a","Mcu"
"Ccdc111","Primpol"
"Ccdc123","Cep89"
"Ccdc164","Drc1"
"Ccdc21","Cep85"
"Ccdc45","Cep95"
"Ccdc46","Cep112"
"Ccdc48","Efcc1"
"Ccdc56","Coa3"
"Ccdc7","Ccdc7a"
"Ccdc72","Tma7"
"Ccdc75","Gpatch11"
"Ccdc76","Trmt13"
"Ccdc90a","Mcur1"
"Ccdc99","Spdl1"
"Ccrl1","Ackr4"
"Chchd8","Coa4"
"Chi3l1","Chil1"
"Chi3l3","Chil3"
"Chi3l4","Chil4"
"Chia","Chia1"
"Cldn27","Tmem235"
"Cml2","Nat8f2"
"Cml3","Nat8f3"
"Cml5","Nat8f5"
"Cno","Bloc1s4"
"Cobra1","Nelfb"
"Copg","Copg1"
"Cox4nb","Emc8"
"Cphx","Cphx1"
"Crxos1","Crxos"
"Csda","Ybx3"
"Cxcr7","Ackr3"
"Cybasc3","Cyb561a3"
"Cyp4a29-ps","Cyp4a29"
"Cyp4a30b-ps","Cyp4a30b"
"Cypt2-ps","Cypt2"
"D030016E14Rik","Trappc11"
"D0H4S114","Nrep"
"D10Wsu52e","Rtcb"
"D11Wsu99e","Fam104a"
"D14Ertd449e","Tmem254a"
"D14Ertd668e","Phf11d"
"D16H22S680E","Tango2"
"D17H6S56E-3","Vwa7"
"D18Ertd653e","Ldlrad4"
"D19Ertd386e","R3hcc1l"
"D19Wsu162e","Wbp1l"
"D1Bwg0212e","Cnot11"
"D230037D09Rik","Tmem251"
"D2Ertd750e","Knstrn"
"D330012F22Rik","Gdpgp1"
"D330022K07Rik","Sorbs2os"
"D330028D13Rik","Fam221a"
"D4Bwg0951e","Lurap1l"
"D4Ertd22e","Szrd1"
"D4Wsu53e","Rsrp1"
"D630032N06Rik","Appbp2os"
"D630037F22Rik","Tbc1d32"
"D630042F21Rik","Tmem52b"
"D630042P16Rik","Ssu2"
"D6Mm5e","M1ap"
"D6Wsu116e","Fam21"
"D730039F16Rik","Cutal"
"D730040F13Rik","Tmem245"
"D730048J04Rik","Ankrd66"
"D7Ertd715e","Snhg14"
"D830015G02Rik","Mhrt"
"D830029L11","Gm15328"
"D930014E17Rik","Akip1"
"D9Ertd402e","Tcaim"
"Defa-rs1","Defa29"
"Defa-rs7","Defa31"
"Defb48-ps","Gm21944"
"Dem1","Exo5"
"Diap2","Diaph2"
"Dlx6as1","Dlx6os1"
"Dlx6as2","Dlx6os2"
"Dnahc1","Dnah1"
"Dnahc10","Dnah10"
"Dnahc11","Dnah11"
"Dnahc17","Dnah17"
"Dnahc2","Dnah2"
"Dnahc5","Dnah5"
"Dnahc6","Dnah6"
"Dnahc7a","Dnah7a"
"Dnahc7b","Dnah7b"
"Dnahc8","Dnah8"
"Dnahc9","Dnah9"
"Dnalc1","Dnal1"
"Dnalc4","Dnal4"
"Dom3z","Dxo"
"Dos","Cbarp"
"Dub1","Usp17la"
"Dub1a","Usp17lb"
"Dub2a","Usp17ld"
"Dub3","Usp17le"
"Dus2l","Dus2"
"E030002O03Rik","Olfm5"
"E030010A14Rik","Tmem252"
"E030019B06Rik","Cfap46"
"E130003G02Rik","Grin1os"
"E130203B14Rik","Vstm4"
"E130303B06Rik","Enkd1"
"E130304F04Rik","Nim1k"
"E130306D19Rik","Arhgef39"
"E330009D11","Gm11548"
"E330013P06","Carmn"
"E330016A19Rik","Mb21d1"
"E330023G01","E330023G01Rik"
"E330033L03","Gm16130"
"Efha1","Micu2"
"Efha2","Micu3"
"Eif2c1","Ago1"
"Eif2c2","Ago2"
"Eif2c3","Ago3"
"Eif2c4","Ago4"
"Emid2","Col26a1"
"Emr4","Adgre4"
"Enox","Jpx"
"Epb4.9","Dmtn"
"Expi","Wfdc18"
"F630043A04Rik","Ska3"
"Fam100a","Ubald1"
"Fam100b","Ubald2"
"Fam108a","Abhd17a"
"Fam108b","Abhd17b"
"Fam108c","Abhd17c"
"Fam113a","Pced1a"
"Fam113b","Pced1b"
"Fam115e","Tcaf3"
"Fam116a","Dennd6a"
"Fam116b","Dennd6b"
"Fam123a","Amer2"
"Fam123b","Amer1"
"Fam123c","Amer3"
"Fam125a","Mvb12a"
"Fam125b","Mvb12b"
"Fam158a","Emc9"
"Fam164a","Zc2hc1a"
"Fam164b","Zc2hc1b"
"Fam164c","Zc2hc1c"
"Fam165b","Smim11"
"Fam176a","Eva1a"
"Fam176b","Eva1b"
"Fam18a","Tvp23a"
"Fam18b","Tvp23b"
"Fam190a","Ccser1"
"Fam23a","Tmem236"
"Fam33a","Ska2"
"Fam36a","Cox20"
"Fam38a","Piezo1"
"Fam38b","Piezo2"
"Fam40a","Strip1"
"Fam40b","Strip2"
"Fam48a","Supt20"
"Fam54a","Mtfr2"
"Fam54b","Mtfr1l"
"Fam55b","Nxpe2"
"Fam55c","Nxpe3"
"Fam55d","Nxpe4"
"Fam59a","Garem"
"Fam59b","Gareml"
"Fam5b","Brinp2"
"Fam5c","Brinp3"
"Fam70a","Tmem255a"
"Fam70b","Tmem255b"
"Fam75d3","Spata31d1a"
"Fam82a1","Rmdn2"
"Fam82a2","Rmdn3"
"Fam82b","Rmdn1"
"Ftsjd1","Cmtr2"
"Ftsjd2","Cmtr1"
"Fxc1","Timm10b"
"G630008E18","Gm16063"
"G630016D24Rik","Tmem253"
"G630071F17","G630071F17Rik"
"G630090E17Rik","Mfsd4b3"
"Galntl1","Galnt16"
"Galntl2","Galnt15"
"Galntl4","Galnt18"
"Gbp1","Gbp2b"
"Gcap14","Ccser2"
"Gcet2","Gcsam"
"Gcfc1","Paxbp1"
"Glt25d2","Colgalt2"
"Gm10104","Defa35"
"Gm10345","Smpd5"
"Gm10391","Duxbl3"
"Gm10394","Duxbl2"
"Gm10474","Fmr1os"
"Gm10485","Dnmt3aos"
"Gm10565","Tmem51os1"
"Gm106","Sbspon"
"Gm10664","Apela"
"Gm1078","Sbk3"
"Gm10818","Tnk2os"
"Gm1082","Arhgap33os"
"Gm10872","Mirt2"
"Gm11062","Mptx2"
"Gm11128","Nat8f6"
"Gm11194","Slc13a2os"
"Gm11202","Rab11fip4os1"
"Gm11428","Wfdc17"
"Gm11602","Ino80dos"
"Gm11648","Arhgap27os3"
"Gm11818","Triqk"
"Gm12769","Scgb1b24"
"Gm12776","Scgb1b30"
"Gm12824","Trabd2b"
"Gm12839","Cyp4b1-ps2"
"Gm129","Ciart"
"Gm13109","Pramef25"
"Gm13152","Zfp982"
"Gm1332","Tldc2"
"Gm1337","Ankrd63"
"Gm13476","Zeb2os"
"Gm13845","Mkln1os"
"Gm13939","Platr8"
"Gm14047","Il1bos"
"Gm14316","Spint5"
"Gm14318","Gata5os"
"Gm14354","Spin2-ps1"
"Gm14436","Zfp973"
"Gm14458","Fthl17d"
"Gm14492","Prr33"
"Gm14511","Fthl17c"
"Gm14850","Defa37"
"Gm14872","Tomm6os"
"Gm14873","Frs3os"
"Gm15284","Defa30"
"Gm15299","Defa27"
"Gm15308","Defa32"
"Gm15315","Defa34"
"Gm15386","Defb41"
"Gm1568","Ccdc177"
"Gm1574","Stmnd1"
"Gm16039","Umad1"
"Gm16119","Uckl1os"
"Gm16197","Trp53cor1"
"Gm1631","Platr26"
"Gm16390","Cldn34b1"
"Gm16516","Map2k3os"
"Gm16517","Tpgs1"
"Gm1679","Lrcol1"
"Gm16880","Platr22"
"Gm17495","Esp8"
"Gm18756","Nlrp5-ps"
"Gm20408","Esp36"
"Gm20410","Esp34"
"Gm20516","Esp31"
"Gm20571","Pet117"
"Gm20579","Esp18"
"Gm20580","Esp4"
"Gm20581","Esp23"
"Gm216","Catip"
"Gm221","Ccdc170"
"Gm239","Myrfl"
"Gm3258","Supt4b"
"Gm3494","Gm3488"
"Gm3833","Mnd1-ps"
"Gm3925","Rbakdn"
"Gm4172","Vmn1r131"
"Gm4179","Vmn1r138"
"Gm4220","Vmn1r166"
"Gm4345","Esp16"
"Gm4477","Nat8f7"
"Gm4636","Zfp850"
"Gm4684","Scgb2b7"
"Gm4745","Obox7"
"Gm4776","Stk-ps2"
"Gm4794","Sult3a2"
"Gm4902","Phf11b"
"Gm4934","Spata31d1b"
"Gm4937","Cldn34b3"
"Gm4944","Zfp994"
"Gm505","Sprtn"
"Gm5151","Tmem240"
"Gm5325","Scgb1b3"
"Gm5326","Scgb1b29"
"Gm5465","Kbtbd6"
"Gm5480","Smim22"
"Gm5494","Esp6"
"Gm5567","Tmem178b"
"Gm5634","Fthl17b"
"Gm5635","Fthl17f"
"Gm581","Gfy"
"Gm5887","Mansc4"
"Gm5894","Scgb2b19"
"Gm5918","Ccpg1os"
"Gm600","Nuggc"
"Gm606","Gmnc"
"Gm6084","Esp1"
"Gm628","Mroh5"
"Gm6289","Clca4c-ps"
"Gm6307","Mir1a-1hg"
"Gm6320","Mcidas"
"Gm6432","Faiml"
"Gm6531","Cks1brt"
"Gm6696","Defa28"
"Gm6907","Phf11c"
"Gm7157","Cldn34a"
"Gm749","Clpsl2"
"Gm766","Sult6b2"
"Gm8348","Gm10409"
"Gm872","Cfap54"
"Gm88","Lrrc73"
"Gm885","Milr1"
"Gm889","Lsmem1"
"Gm9041","Esp15"
"Gm949","Arl14epl"
"Gm9524","Topaz1"
"Gm962","Ap5b1"
"Gm97","Oosp3"
"Gm9705","Cyp4f37"
"Gm9766","Cep85l"
"Gm9781","Eif3j2"
"Gm98","Myrf"
"Gm9846","Rps27rt"
"Gm9897","Mterf1b"
"Gpr30","Gper1"
"Gpr77","C5ar2"
"Gtpbp5","Mtg2"
"Gyk","Gk"
"H28","Ifi44l"
"H47","Vimp"
"Has2as","Has2os"
"Hbxip","Lamtor5"
"Heatr7a","Mroh1"
"Heatr7b1","Mroh2a"
"Heatr7b2","Mroh2b"
"Heatr8","Mroh7"
"Hnrpdl","Hnrnpdl"
"Hnrpll","Hnrnpll"
"Hoxa11as","Hoxa11os"
"Ifi27l1","Ifi27"
"Igf2as","Igf2os"
"Il28a","Ifnl2"
"Il28b","Ifnl3"
"Il28ra","Ifnlr1"
"Iqcj-schip1","Gm21949"
"Itgb1bp3","Nmrk2"
"Jhdm1d","Kdm7a"
"Jmjd5","Kdm8"
"Jub","Ajuba"
"Kbtbd10","Klhl41"
"Kbtbd5","Klhl40"
"Klhdc5","Klhl42"
"Klra14","Klra14-ps"
"Klra33","Klra4"
"Klraq1","Ppp1r21"
"Krt72-ps","Krt72"
"Krtap16-10b","Krtap19-9b"
"Krtap16-2","Krtap19-1"
"Krtap16-4","Krtap19-4"
"Krtap16-5","Krtap19-3"
"Krtap16-7","Krtap21-1"
"Krtap16-8","Krtap6-5"
"Krtap8-2","Krtap19-5"
"Lass2","Cers2"
"Lass3","Cers3"
"Lass4","Cers4"
"Lass5","Cers5"
"Lass6","Cers6"
"Lcn13","Obp2a"
"Lcn14","Obp2b"
"Lilrb3","Pirb"
"Lrrc33","Nrros"
"Lrrc50","Dnaaf1"
"Lsmd1","Naa38"
"Mcart1","Slc25a51"
"Mcart6","Slc25a53"
"Mettl11a","Ntmt1"
"Mia1","Mia"
"Mir122a","Mir122"
"Mir126","Mir126a"
"Mir1843","Mir1843a"
"Mir190","Mir190a"
"Mir195","Mir195a"
"Mir1957","Mir1957a"
"Mir21","Mir21a"
"Mir219-1","Mir219a-1"
"Mir219-2","Mir219a-2"
"Mir28","Mir28a"
"Mir290","Mir290a"
"Mir297-2","Mir297a-2"
"Mir299","Mir299a"
"Mir3073","Mir3073a"
"Mir3473","Mir3473a"
"Mir374","Mir374b"
"Mir378","Mir378a"
"Mir451","Mir451a"
"Mir4660","Mir466o"
"Mir496","Mir496a"
"Mir5124","Mir5124a"
"Mir873","Mir873a"
"Mki67ip","Nifk"
"Mlf1ip","Cenpu"
"Mll1","Kmt2a"
"Mll3","Kmt2c"
"Mll5","Kmt2e"
"Mosc1","Marc1"
"Mosc2","Marc2"
"Msx1as","Msx1os"
"Mtap1a","Map1a"
"Mtap1b","Map1b"
"Mtap1s","Map1s"
"Mtap2","Map2"
"Mtap4","Map4"
"Mtap6","Map6"
"Mtap7","Map7"
"Mtap7d1","Map7d1"
"Mtap7d2","Map7d2"
"Mtap9","Map9"
"Mterf","Mterf1a"
"Mudeng","Ap5m1"
"Muted","Bloc1s5"
"Mycl1","Mycl"
"Myst1","Kat8"
"Myst2","Kat7"
"Myst3","Kat6a"
"Myst4","Kat6b"
"Nat15","Naa60"
"Ncrna00085","Spaca6"
"Ncrna00086","Smim10l2a"
"Ng23","Sapcd1"
"Nhedc1","Slc9b1"
"Nhedc2","Slc9b2"
"Nkx2-2as","Nkx2-2os"
"Nphs1as","Nphs1os"
"Nt5c3l","Nt5c3b"
"O3far1","Ffar4"
"ORF63","Map3k7cl"
"OTTMUSG00000016609","Gm14432"
"Obfc2a","Nabp1"
"Obfc2b","Nabp2"
"Odz4","Tenm4"
"Olfr1116-ps","Olfr1116"
"Olfr1537-ps1","Olfr1537"
"Olfr179","Olfr322"
"Olfr406-ps","Olfr406"
"Osta","Slc51a"
"Ostb","Slc51b"
"Pcdha4-g","Gm37013"
"Peg3as","Peg3os"
"Pet112l","Gatb"
"Pex11c","Pex11g"
"Pgcp","Cpq"
"Phf15","Jade2"
"Phf16","Jade3"
"Phf17","Jade1"
"Pin1-ps1","Pin1rt1"
"Pion","Gsap"
"Pkm2","Pkm"
"Plac1l","Oosp2"
"Plac9","Plac9a"
"Pldn","Bloc1s6"
"Ppap2a","Plpp1"
"Pppde1","Desi2"
"Pppde2","Desi1"
"Ppyr1","Npy4r"
"Prhoxnb","Urad"
"Prkcc","Prkcg"
"Prosapip1","Lzts3"
"Pxmp3","Pex2"
"Rab42-ps","Rab42"
"Rad51l1","Rad51b"
"Rad51l3","Rad51d"
"Rai12","Elp5"
"Rasl2-9-ps","Rasl2-9"
"Raver1-fdx1l","Gm38431"
"Rbm12b","Rbm12b1"
"Rbmy1a1","Rbmy"
"Rdbp","Nelfe"
"Rfpl3s","4930563M21Rik"
"Rg9mtd1","Trmt10c"
"Rg9mtd2","Trmt10a"
"Rg9mtd3","Trmt10b"
"Rgnef","Arhgef28"
"Rhox3-ps","Rhox3d-ps"
"Rhox3g-ps","Rhox3g"
"Rod1","Ptbp3"
"Rps3a","Rps3a1"
"Rps4y2","Rps4l"
"Rtcd1","Rtca"
"Scgb2b1-ps","Scgb2b23-ps"
"Sepx1","Msrb1"
"Serpinb10-ps","Serpinb10"
"Sfpi1","Spi1"
"Slc22a13b","Slc22a13b-ps"
"Slc24a6","Slc8b1"
"Slc9a10","Slc9c1"
"Slfn14-ps","Slfn14"
"Smcr7","Mief2"
"Smcr7l","Mief1"
"Snora28","SNORA28"
"Solh","Capn15"
"Spdyb","Spdye4a"
"Speer1-ps1","Speer1"
"Speer4f","Speer4f1"
"Speer7-ps1","Speer4cos"
"Spinlw1","Eppin"
"Spna1","Spta1"
"Spna2","Sptan1"
"Spnb1","Sptb"
"Spnb2","Sptbn1"
"Spnb3","Sptbn2"
"Spnb4","Sptbn4"
"Spt1","Mucl2"
"Supt16h","Supt16"
"Supt3h","Supt3"
"Supt4h1","Supt4a"
"Supt6h","Supt6"
"Teddm1","Teddm1a"
"Th1l","Nelfcd"
"Tmco7","Tango6"
"Tmem111","Emc3"
"Tmem146","Catsperd"
"Tmem149","Igflr1"
"Tmem188","Cnep1r1"
"Tmem20","Slc35g1"
"Tmem22","Slc35g2"
"Tmem48","Ndc1"
"Tmem85","Emc4"
"Tmem90a","Syndig1l"
"Tmem90b","Syndig1"
"Tmem93","Emc6"
"Tmprss11bnl","Tmprss11b"
"Tsga14","Cep41"
"Ttc15","Trappc12"
"Ttc35","Emc2"
"Txndc3","Nme8"
"Txndc6","Nme9"
"Ube2d2","Ube2d2a"
"Ube2dnl","Ube2dnl1"
"Uqcc","Uqcc1"
"Usp17l5","Usp17lc"
"Uts2d","Uts2b"
"Vax2os1","Vax2os"
"Vax2os2","Vax2os"
"Vipar","Vipas39"
"Vmn2r68-ps","Vmn2r68"
"Vmn2r72-ps","Vmn2r72"
"Wbp7","Kmt2b"
"Wdr20a","Wdr20"
"Wdr20b","Wdr20rt"
"Wdr45l","Wdr45b"
"Wdr67","Tbc1d31"
"Wdr69","Daw1"
"Wdr8","Wrap73"
"Wdr85","Dph7"
"Whsc2","Nelfa"
"X99384","Pald1"
"Ysk4","Map3k19"
"Zfa","Zfa-ps"
"Zfhx2as","Zfhx2os"
"Zfp167","Zkscan7"
"Zfp187","Zscan26"
"Zfp192","Zkscan8"
"Zfp238","Zbtb18"
"Zfp295","Zbtb21"
"Zfp498","Zscan25"
"Zfp71-rs1","Zfp65"
"Zfp828","Champ1"
"Zfp85-rs1","Zfp85"
"Zfp862","Zfp862-ps"
"Zmynd17","Mss51"
"Znhit2-ps","Znhit2"
